{"dimensions": [529.548, 811.081], "pdf_width": 529.548, "pdf_height": 811.081, "horizontal": [{"text": "Steel ordered for : Crosskeys Division \n", "x0": 94.105, "y0": 737.6039999999999, "x1": 257.375, "y1": 751.6039999999999, "id": 4}, {"text": "04Aug20 \n", "x0": 356.15299999999996, "y0": 737.6039999999999, "x1": 392.183, "y1": 751.6039999999999, "id": 5}, {"text": "C112756 \n", "x0": 476.736, "y0": 737.6039999999999, "x1": 529.548, "y1": 751.6039999999999, "id": 6}, {"text": "Re Rolled: 2 Tonnes ; Hollow Section: 2 Tonnes ; Sheet and Plate: 2 Tonnes ; =====  \n", "x0": 48.67, "y0": 515.34, "x1": 389.84999999999997, "y1": 525.34, "id": 30}], "vertical": []}
